first_name,last_name,email
Noriyuki,Kito,nkito@lenovo.com
Hugo,Choe,hchoe@lenovo.com
Sonia,Hong,shong6@lenovo.com
Nandhavignesh,Ramalingam,nramalingam@lenovo.com
Naresh,Kanthasammy,nkanthasammy@lenovo.com
Sandeep,Kumar,skumar52@lenovo.com
Sharizuan,Feisal Lamin,slamin@lenovo.com
Sunil,Kumar,sm61@lenovo.com
Usha,Muthusamy,umuthusamy@lenovo.com
William,Ng,wng8@lenovo.com
Fahd,Alsubari,falsubari@lenovo.com
Nawar,Nawar,nnawar@nvidia.com
